--script para a alimentacao inicial da base de dados.

INSERT INTO FORNECEDOR (CNPJ,NOME_FANTASIA,TELEFONE,EMAIL,LOGRADOURO,CEP,CIDADE,NUMERO)VALUES('11.111.111/1111-11','EQUIPAMENTOS SA','(11)11111-1111', 'equipamentossa@gmail.com','RUA 1', '11111-111', 'SAO PAULO', 1);
INSERT INTO FORNECEDOR (CNPJ,NOME_FANTASIA,TELEFONE,EMAIL,LOGRADOURO,CEP,CIDADE,NUMERO)VALUES('22.222.222/2222-22','ALUGUEIS 123','(22)22222-2222', 'alugueis123@gmail.com','RUA 2', '22222-222', 'SAO CARLOS', 22);
INSERT INTO FORNECEDOR (CNPJ,NOME_FANTASIA,TELEFONE,EMAIL,LOGRADOURO,CEP,CIDADE,NUMERO)VALUES('33.333.333/3333-33','PRODUTOS FESTA','(33)33333-3333', 'produtosfesta@outlook.com','RUA 3', '33333-333', 'SAO PAULO', 333);
INSERT INTO FORNECEDOR (CNPJ,NOME_FANTASIA,TELEFONE,EMAIL,LOGRADOURO,CEP,CIDADE,NUMERO)VALUES('44.444.444/4444-44','SUA FESTA','(44)44444-4444', 'suafesta@hotmail.com','RUA 4', '44444-444', 'RIO DE JANEIRO', 4444);
INSERT INTO FORNECEDOR (CNPJ,NOME_FANTASIA,TELEFONE,EMAIL,LOGRADOURO,CEP,CIDADE,NUMERO)VALUES('55.555.555/5555-55','FESTAS E EQUIPAMENTOS','(55)55555-5555', 'festaseequipamentos@yahoo.com','RUA 5', '55555-555', 'SAO PAULO', 55555);

INSERT INTO ALUGUEL(NF, CNPJ_FORNECEDOR) VALUES('111.111.111','11.111.111/1111-11');
INSERT INTO ALUGUEL(NF, CNPJ_FORNECEDOR) VALUES('222.222.222','11.111.111/1111-11');
INSERT INTO ALUGUEL(NF, CNPJ_FORNECEDOR) VALUES('333.333.333','33.333.333/3333-33');
INSERT INTO ALUGUEL(NF, CNPJ_FORNECEDOR) VALUES('444.444.444','44.444.444/4444-44');
INSERT INTO ALUGUEL(NF, CNPJ_FORNECEDOR) VALUES('555.555.555','33.333.333/3333-33');

INSERT INTO TEATRO_FANTOCHE (NOME, TIPO) VALUES ('CARRETA FURACAO', 'DANCA');
INSERT INTO TEATRO_FANTOCHE (NOME, TIPO, SALARIO) VALUES ('PICA PAU', 'DESENHO', 777.77);
INSERT INTO TEATRO_FANTOCHE (NOME, TIPO, SALARIO) VALUES ('BONEQUINHOS DO MAL', 'TERROR', 2222.22);
INSERT INTO TEATRO_FANTOCHE (NOME) VALUES ('DESCUBRA');
INSERT INTO TEATRO_FANTOCHE (NOME, SALARIO) VALUES ('BONDE DO PATATI PATATA', 9999999.99);

INSERT INTO BANDA (NOME, ESTILO_MUSICAL, SALARIO) VALUES ('METALLICA', 'HEAVY METAL', 9999999.99);
INSERT INTO BANDA (NOME, ESTILO_MUSICAL, SALARIO) VALUES ('SLAYER', 'DEATH METAL', 66666.66);
INSERT INTO BANDA (NOME, ESTILO_MUSICAL) VALUES ('DREAM THEATER', 'PROGRESSIVE METAL');
INSERT INTO BANDA (NOME, ESTILO_MUSICAL) VALUES ('IRON MAIDEN', 'HEAVY METAL');
INSERT INTO BANDA (NOME) VALUES ('MOTORHEAD');
INSERT INTO BANDA (NOME, SALARIO) VALUES ('SLIPKNOT', 0.01);
INSERT INTO BANDA (NOME) VALUES ('VENOM');

INSERT INTO FUNCIONARIO (CPF, NOME, TELEFONE, EMAIL, SALARIO, CARGO) VALUES ('000.000.000-00', 'VICTOR', '(11)11111-1111', 'victor@gmail.com', 111111.11, 'ORGANIZADOR');
INSERT INTO FUNCIONARIO (CPF, NOME, TELEFONE, EMAIL, SALARIO, CARGO) VALUES ('111.111.111-11', 'MATHEUS', '(00)00000-0000', 'matheus@yahoo.com', 50.21, 'TECNICO');
INSERT INTO FUNCIONARIO (CPF, NOME, TELEFONE, EMAIL, SALARIO, CARGO) VALUES ('222.222.222-22', 'MONTEMOVO', '(22)22222-2222', 'montemovo@gmail.com', 21.2, 'TECNICO');
INSERT INTO FUNCIONARIO (CPF, NOME, TELEFONE, EMAIL, CARGO) VALUES ('333.333.333-33', 'FERNANDO', '(33)33333-3333', 'fernando@gmail.com','TECNICO');
INSERT INTO FUNCIONARIO (CPF, NOME, TELEFONE, EMAIL, CARGO) VALUES ('444.444.444-44', 'RODRIGO', '(44)44444-4444', 'rodrigo@gmail.com','ORGANIZADOR');

INSERT INTO ORGANIZADOR (FUNCIONARIO) VALUES ('000.000.000-00');
INSERT INTO ORGANIZADOR (FUNCIONARIO) VALUES ('444.444.444-44');

INSERT INTO TECNICO(FUNCIONARIO, ORGANIZADOR) VALUES ('111.111.111-11', '000.000.000-00');
INSERT INTO TECNICO(FUNCIONARIO) VALUES ('222.222.222-22');
INSERT INTO TECNICO(FUNCIONARIO, ORGANIZADOR) VALUES ('333.333.333-33', '000.000.000-00');

INSERT INTO CLIENTE(CPF, NOME, TELEFONE, EMAIL) VALUES ('555.555.555-55', 'JOAO DA SILVA', '(55)55555-5555', 'joaodasilva@gmail.com');
INSERT INTO CLIENTE(CPF, NOME, TELEFONE, EMAIL) VALUES ('666.666.666-66', 'ANA PAULA', '(66)66666-6666', 'anapaula@outlook.com');
INSERT INTO CLIENTE(CPF, NOME, TELEFONE, EMAIL) VALUES ('777.777.777-77', 'BRUNO PEREIRA', '(77)77777-7777', 'bunopereira@hotmail.com');
INSERT INTO CLIENTE(CPF, NOME, TELEFONE, EMAIL) VALUES ('888.888.888-88', 'MURILO SOUZA', '(88)88888-8888', 'murilosouza@hotmail.com');

INSERT INTO ANIMADOR(CPF, NOME, TELEFONE, EMAIL, FANTASIA, SALARIO) VALUES ('999.999.999-99', 'TIRIRICA DA SILVA', '(99)99999-9999', 'tiririca@gmail.com', 'PALHACO', 2000.00);
INSERT INTO ANIMADOR(CPF, NOME, TELEFONE, EMAIL, FANTASIA, SALARIO) VALUES ('101.010.101-01', 'TULIO DA COSTA', '(10)10101-0101', 'tuliocosta@gmail.com', 'MIMICO', 250.00);
INSERT INTO ANIMADOR(CPF, NOME, TELEFONE, EMAIL) VALUES ('121.121.121-12', 'KLEBER DO NASCIMENTO', '(12)12121-1212', 'kleber.nascimento@gmail.com');

INSERT INTO MAGICO(CPF, NOME, TELEFONE, EMAIL, SALARIO) VALUES ('123.456.789-11', 'MISTER M', '(12)33333-4444', 'm,mister@hotmail.com', 1000.43);
INSERT INTO MAGICO(CPF, NOME, TELEFONE, EMAIL, SALARIO) VALUES ('551.222.101-01', 'DAVID COPPERFIELD', '(10)10601-0881', 'copperfield@gmail.com', 10500.00);
INSERT INTO MAGICO(CPF, NOME, TELEFONE, EMAIL) VALUES ('121.255.121-60', 'CRISS ANGEL', '(12)33331-1232', 'angel@gmail.com');

INSERT INTO DJ(CPF, NOME, TELEFONE, EMAIL, ESTILO_MUSICAL, SALARIO) VALUES ('987.987.987-98', 'DAVID GUETTA', '(22)11111-2222','guetta@david.com', 'ELETRONICA', 15000.21);
INSERT INTO DJ(CPF, NOME, TELEFONE, EMAIL, ESTILO_MUSICAL) VALUES ('123.123.123-12', 'TIESTO', '(21)21212-1221','tiesto@hotmail.com', 'ELETRONICA');

INSERT INTO TIPO_ATRACAO(CPF, TIPO_ATRACAO) VALUES('999.999.999-99', 'ANIMADOR');
INSERT INTO TIPO_ATRACAO(CPF, TIPO_ATRACAO) VALUES('101.010.101-01', 'ANIMADOR');
INSERT INTO TIPO_ATRACAO(CPF, TIPO_ATRACAO) VALUES('121.121.121-12', 'ANIMADOR');
INSERT INTO TIPO_ATRACAO(CPF, TIPO_ATRACAO) VALUES('123.456.789-11', 'MAGICO');
INSERT INTO TIPO_ATRACAO(CPF, TIPO_ATRACAO) VALUES('551.222.101-01', 'MAGICO');
INSERT INTO TIPO_ATRACAO(CPF, TIPO_ATRACAO) VALUES('121.255.121-60', 'MAGICO');
INSERT INTO TIPO_ATRACAO(CPF, TIPO_ATRACAO) VALUES('987.987.987-98', 'DJ');
INSERT INTO TIPO_ATRACAO(CPF, TIPO_ATRACAO) VALUES('123.123.123-12', 'DJ');

INSERT INTO TIPO_PESSOA(CPF, TIPO_PESSOA) VALUES('999.999.999-99', 'ATRACAO');
INSERT INTO TIPO_PESSOA(CPF, TIPO_PESSOA) VALUES('101.010.101-01', 'ATRACAO');
INSERT INTO TIPO_PESSOA(CPF, TIPO_PESSOA) VALUES('121.121.121-12', 'ATRACAO');
INSERT INTO TIPO_PESSOA(CPF, TIPO_PESSOA) VALUES('123.456.789-11', 'ATRACAO');
INSERT INTO TIPO_PESSOA(CPF, TIPO_PESSOA) VALUES('551.222.101-01', 'ATRACAO');
INSERT INTO TIPO_PESSOA(CPF, TIPO_PESSOA) VALUES('121.255.121-60', 'ATRACAO');
INSERT INTO TIPO_PESSOA(CPF, TIPO_PESSOA) VALUES('987.987.987-98', 'ATRACAO');
INSERT INTO TIPO_PESSOA(CPF, TIPO_PESSOA) VALUES('123.123.123-12', 'ATRACAO');
INSERT INTO TIPO_PESSOA(CPF, TIPO_PESSOA) VALUES ('000.000.000-00', 'FUNCIONARIO');
INSERT INTO TIPO_PESSOA(CPF, TIPO_PESSOA) VALUES ('111.111.111-11', 'FUNCIONARIO');
INSERT INTO TIPO_PESSOA(CPF, TIPO_PESSOA) VALUES ('222.222.222-22',  'FUNCIONARIO');
INSERT INTO TIPO_PESSOA(CPF, TIPO_PESSOA) VALUES ('333.333.333-33', 'FUNCIONARIO');
INSERT INTO TIPO_PESSOA(CPF, TIPO_PESSOA) VALUES ('444.444.444-44', 'FUNCIONARIO');
INSERT INTO TIPO_PESSOA(CPF, TIPO_PESSOA) VALUES ('555.555.555-55', 'CLIENTE');
INSERT INTO TIPO_PESSOA(CPF, TIPO_PESSOA) VALUES ('666.666.666-66', 'CLIENTE');
INSERT INTO TIPO_PESSOA(CPF, TIPO_PESSOA) VALUES ('777.777.777-77', 'CLIENTE');
INSERT INTO TIPO_PESSOA(CPF, TIPO_PESSOA) VALUES ('888.888.888-88', 'CLIENTE');

INSERT INTO FESTA(CEP, LOGRADOURO, CIDADE, NUMERO, DATA, ID_FESTA, CLIENTE, NUMERO_FISCAL, TIPO_FESTA) VALUES('12345-678', 'AVENIDA DAS FESTAS', 'SAO PAULO', 123, TO_DATE('21-05-2018 21:30', 'DD-MM-YYYY HH24:MI'), 21, '555.555.555-55', '888.888.888', 'INFANTIL');
INSERT INTO FESTA(CEP, LOGRADOURO, CIDADE, NUMERO, DATA, ID_FESTA, CLIENTE, NUMERO_FISCAL, TIPO_FESTA) VALUES('12345-678', 'AVENIDA DAS FESTAS', 'SAO PAULO', 123, TO_DATE('30-05-2018 12:00', 'DD-MM-YYYY HH24:MI'), 22, '666.666.666-66', '777.777.777', 'INFANTIL');
INSERT INTO FESTA(CEP, LOGRADOURO, CIDADE, NUMERO, DATA, ID_FESTA, CLIENTE, NUMERO_FISCAL, TIPO_FESTA) VALUES('77777-777', 'RUA DOIS', 'SAO CARLOS', 255, TO_DATE('02-01-2000 22:00', 'DD-MM-YYYY HH24:MI'), 23, '777.777.777-77', '666.666.666', 'FORMATURA');
INSERT INTO FESTA(CEP, LOGRADOURO, CIDADE, NUMERO, DATA, ID_FESTA, CLIENTE, NUMERO_FISCAL, TIPO_FESTA) VALUES('77777-777', 'RUA DOIS', 'SAO CARLOS', 255, TO_DATE('02-01-2000 20:00', 'DD-MM-YYYY HH24:MI'), 24, '888.888.888-88', '555.555.555', 'FORMATURA');

INSERT INTO FESTA_INFANTIL(FESTA, TEMA) VALUES (21, 'HOMEM-ARANHA');
INSERT INTO FESTA_INFANTIL(FESTA, TEMA) VALUES (22, 'REI LEAO');

INSERT INTO FORMATURA(FESTA) VALUES (23);
INSERT INTO FORMATURA(FESTA) VALUES (24);

INSERT INTO EQUIPAMENTO(NOME, QUANTIDADE, TIPO_EQUIPAMENTO) VALUES('GUITARRA',7,'MUSICAL');
INSERT INTO EQUIPAMENTO(NOME, QUANTIDADE, TIPO_EQUIPAMENTO) VALUES('MICROFONE',15,'MUSICAL');
INSERT INTO EQUIPAMENTO(NOME, QUANTIDADE, TIPO_EQUIPAMENTO) VALUES('PICKUP',2,'MUSICAL');
INSERT INTO EQUIPAMENTO(NOME, QUANTIDADE, TIPO_EQUIPAMENTO) VALUES('PULA-PULA',3,'BRINQUEDO');
INSERT INTO EQUIPAMENTO(NOME, QUANTIDADE, TIPO_EQUIPAMENTO) VALUES('ESCORREGADOR',1,'BRINQUEDO');

INSERT INTO BRINQUEDO(NOME) VALUES('PULA-PULA');
INSERT INTO BRINQUEDO(NOME) VALUES('ESCORREGADOR');

INSERT INTO EQUIPAMENTO_MUSICAL(NOME) VALUES('GUITARRA');
INSERT INTO EQUIPAMENTO_MUSICAL(NOME) VALUES('MICROFONE');
INSERT INTO EQUIPAMENTO_MUSICAL(NOME) VALUES('PICKUP');

INSERT INTO EQUIPAMENTO_DJ (EQUIPAMENTO, DJ, DATA) VALUES ('PICKUP', '987.987.987-98', TO_DATE('02-01-2000 22:00', 'DD-MM-YYYY HH24:MI'));
INSERT INTO EQUIPAMENTO_DJ (EQUIPAMENTO, DJ, DATA) VALUES ('PICKUP', '987.987.987-98', TO_DATE('02-01-2000 20:00', 'DD-MM-YYYY HH24:MI'));
INSERT INTO EQUIPAMENTO_DJ (EQUIPAMENTO, DJ, DATA) VALUES ('MICROFONE', '987.987.987-98', TO_DATE('02-01-2000 20:00', 'DD-MM-YYYY HH24:MI'));
INSERT INTO EQUIPAMENTO_DJ (EQUIPAMENTO, DJ, DATA) VALUES ('MICROFONE', '123.123.123-12', TO_DATE('02-01-2000 22:00', 'DD-MM-YYYY HH24:MI'));

INSERT INTO AJUSTE_EQUIPAMENTO (EQUIPAMENTO, TECNICO, DATA) VALUES ('PICKUP', '111.111.111-11', TO_DATE('02-01-2000 18:00', 'DD-MM-YYYY HH24:MI'));
INSERT INTO AJUSTE_EQUIPAMENTO (EQUIPAMENTO, TECNICO, DATA) VALUES ('PICKUP', '222.222.222-22', TO_DATE('02-01-2000 21:00', 'DD-MM-YYYY HH24:MI'));
INSERT INTO AJUSTE_EQUIPAMENTO (EQUIPAMENTO, TECNICO, DATA) VALUES ('MICROFONE', '333.333.333-33', TO_DATE('02-01-2000 17:00', 'DD-MM-YYYY HH24:MI'));
INSERT INTO AJUSTE_EQUIPAMENTO (EQUIPAMENTO, TECNICO, DATA) VALUES ('MICROFONE', '111.111.111-11', TO_DATE('02-01-2000 13:00', 'DD-MM-YYYY HH24:MI'));
INSERT INTO AJUSTE_EQUIPAMENTO (EQUIPAMENTO, TECNICO, DATA) VALUES ('PULA-PULA', '111.111.111-11', TO_DATE('21-05-2018 13:00', 'DD-MM-YYYY HH24:MI'));
INSERT INTO AJUSTE_EQUIPAMENTO (EQUIPAMENTO, TECNICO, DATA) VALUES ('PULA-PULA', '222.222.222-22', TO_DATE('21-05-2018 17:00', 'DD-MM-YYYY HH24:MI'));

INSERT INTO FESTA_FUNCIONARIO (FUNCIONARIO, FESTA) VALUES('111.111.111-11', 23);
INSERT INTO FESTA_FUNCIONARIO (FUNCIONARIO, FESTA) VALUES('111.111.111-11', 24);
INSERT INTO FESTA_FUNCIONARIO (FUNCIONARIO, FESTA) VALUES('222.222.222-22', 21);
INSERT INTO FESTA_FUNCIONARIO (FUNCIONARIO, FESTA) VALUES('333.333.333-33', 21);

INSERT INTO ALUGUEL_EQUIPAMENTO (ALUGUEL, EQUIPAMENTO) VALUES('111.111.111', 'PICKUP');
INSERT INTO ALUGUEL_EQUIPAMENTO (ALUGUEL, EQUIPAMENTO) VALUES('111.111.111', 'MICROFONE');
INSERT INTO ALUGUEL_EQUIPAMENTO (ALUGUEL, EQUIPAMENTO) VALUES('444.444.444', 'PULA-PULA');
INSERT INTO ALUGUEL_EQUIPAMENTO (ALUGUEL, EQUIPAMENTO) VALUES('444.444.444', 'ESCORREGADOR');

INSERT INTO APRESENTACAO_ANIMADOR (ANIMADOR, FESTA_INFANTIL) VALUES ('999.999.999-99', 22);
INSERT INTO APRESENTACAO_ANIMADOR (ANIMADOR, FESTA_INFANTIL) VALUES ('101.010.101-01', 22);
INSERT INTO APRESENTACAO_ANIMADOR (ANIMADOR, FESTA_INFANTIL) VALUES ('121.121.121-12', 21);

INSERT INTO APRESENTACAO_MAGICO (MAGICO, FESTA_INFANTIL) VALUES ('123.456.789-11', 22);
INSERT INTO APRESENTACAO_MAGICO (MAGICO, FESTA_INFANTIL) VALUES ('551.222.101-01', 22);
INSERT INTO APRESENTACAO_MAGICO (MAGICO, FESTA_INFANTIL) VALUES ('551.222.101-01', 21);
INSERT INTO APRESENTACAO_MAGICO (MAGICO, FESTA_INFANTIL) VALUES ('121.255.121-60', 21);

INSERT INTO APRESENTACAO_TEATRO (TEATRO, FESTA_INFANTIL) VALUES ('CARRETA FURACAO', 21);
INSERT INTO APRESENTACAO_TEATRO (TEATRO, FESTA_INFANTIL) VALUES ('BONDE DO PATATI PATATA', 21);
INSERT INTO APRESENTACAO_TEATRO (TEATRO, FESTA_INFANTIL) VALUES ('BONEQUINHOS DO MAL', 22);

INSERT INTO APRESENTACAO_BANDA (BANDA, FORMATURA) VALUES ('METALLICA', 23);
INSERT INTO APRESENTACAO_BANDA (BANDA, FORMATURA) VALUES ('IRON MAIDEN', 23);
INSERT INTO APRESENTACAO_BANDA (BANDA, FORMATURA) VALUES ('MOTORHEAD', 23);
INSERT INTO APRESENTACAO_BANDA (BANDA, FORMATURA) VALUES ('METALLICA', 24);
INSERT INTO APRESENTACAO_BANDA (BANDA, FORMATURA) VALUES ('SLAYER', 24);

INSERT INTO APRESENTACAO_DJ (DJ, FORMATURA) VALUES ('987.987.987-98', 24);
INSERT INTO APRESENTACAO_DJ (DJ, FORMATURA) VALUES ('123.123.123-12', 24);

INSERT INTO INTEGRANTE_BANDA(BANDA, NOME_INTEGRANTE) VALUES ('METALLICA', 'JAMES HETFIELD');
INSERT INTO INTEGRANTE_BANDA(BANDA, NOME_INTEGRANTE) VALUES ('METALLICA', 'LARS ULRICH');
INSERT INTO INTEGRANTE_BANDA(BANDA, NOME_INTEGRANTE) VALUES ('METALLICA', 'KIRK HAMMETT');
INSERT INTO INTEGRANTE_BANDA(BANDA, NOME_INTEGRANTE) VALUES ('METALLICA', 'ROBERT TRUJILLO');
INSERT INTO INTEGRANTE_BANDA(BANDA, NOME_INTEGRANTE) VALUES ('MOTORHEAD', 'LEMMY KILMISTER');
INSERT INTO INTEGRANTE_BANDA(BANDA, NOME_INTEGRANTE) VALUES ('MOTORHEAD', 'PHIL CAMPBELL');
INSERT INTO INTEGRANTE_BANDA(BANDA, NOME_INTEGRANTE) VALUES ('MOTORHEAD', 'MIKKEY DEE');

INSERT INTO INTEGRANTE_TEATRO(TEATRO, NOME_INTEGRANTE) VALUES ('CARRETA FURACAO', 'FOFAO');
INSERT INTO INTEGRANTE_TEATRO(TEATRO, NOME_INTEGRANTE) VALUES ('PICA PAU', 'PICA PAU');
INSERT INTO INTEGRANTE_TEATRO(TEATRO, NOME_INTEGRANTE) VALUES ('BONDE DO PATATI PATATA', 'PATATI');
INSERT INTO INTEGRANTE_TEATRO(TEATRO, NOME_INTEGRANTE) VALUES ('BONDE DO PATATI PATATA', 'PATATA');

COMMIT;

















